Program Studi,FSR,IRN,CPP,PPF,Staff_PhD (%),IFR (%),PIS (%),Inbound (%),Outbound (%)
UNEJ - Pendidikan Dokter,-0.19295127609179488,0.451346025238293,0.0510525786323969,-0.3272078578808691,-0.4749628217465232,-0.07669649888473706,-0.1891480179719353,0.05495021041385634,-0.28838074344726156
UNEJ - Ilmu Hukum,-0.39398343899791327,0.8456701852990859,-0.7903504530819332,-0.5997575131036713,-0.48997481423240324,-0.07669649888473706,-0.1891480179719353,0.4185247954472307,-0.24123439429882282
UNEJ - Ilmu Hukum (S2),-0.43624964622048307,-0.625979127747597,-0.7449806817640036,-0.028311735986529245,1.6792580999772595,-0.07669649888473706,-0.1891480179719353,-0.27093937640640003,-0.28838074344726156
UNEJ - Kenotariatan (S2),-0.42295380580558745,0.18201473699182033,-0.6625743624314376,0.079799627251849,1.6792580999772595,-0.07669649888473706,-0.1891480179719353,-0.27093937640640003,-0.28838074344726156
UNEJ - Pendidikan Dokter Gigi,-0.3295843203515523,1.4619249719147487,-0.16165505053348075,-0.07155628128188057,0.2501164153214814,-0.07669649888473706,-0.1891480179719353,0.04711411002355319,-0.28838074344726156
UNEJ - Rekayasa Perencanaan Mekanik (D4),-0.13484123139500728,-0.625979127747597,-0.5181318251743557,-0.14625140497385095,-0.7567788625041799,-0.07669649888473706,-0.1891480179719353,-0.27093937640640003,-0.28838074344726156
UNEJ - Teknologi Rekayasa Elektronika (D4),-0.22197105887396834,-0.625979127747597,-0.6418675651323453,0.0662857068470517,-0.33047239406992807,-0.07669649888473706,-0.1891480179719353,-0.27093937640640003,-0.28838074344726156
UNEJ - Teknik Rekayasa Konstruksi Bangunan Gedung (D4),-0.286646931353619,-0.625979127747597,-0.6847962912402195,-0.4247200678605828,-0.7026447077823702,-0.07669649888473706,-0.1891480179719353,-0.27093937640640003,-0.28838074344726156
UNEJ - Teknik Elektro,-0.3501174954642522,0.3250656607784866,-0.4403550743436194,-0.059200696911780155,-0.7451786864923635,-0.07669649888473706,-0.1891480179719353,0.1327658568179751,-0.28838074344726156
UNEJ - Teknik Mesin,-0.3442124338362751,1.1533085757796324,4.820056161807568,0.08520519541376788,-0.33047239406992807,-0.07669649888473706,-0.1891480179719353,0.16824776208183626,-0.28838074344726156
UNEJ - Teknik Sipil,-0.375368890629648,0.07470869078285895,-0.4834100614106342,-0.4017873544463813,-1.0003825587523238,-0.07669649888473706,-0.1891480179719353,-0.27093937640640003,-0.28838074344726156
UNEJ - Perencanaan Wilayah dan Kota,-0.3262116535064206,-0.625979127747597,-0.6602239661151241,-0.47620166940266767,-0.8089796545573537,-0.07669649888473706,-0.1891480179719353,-0.27093937640640003,-0.28838074344726156
UNEJ - Teknik Kimia,-0.3070746112952791,0.8029724331479404,2.5274628821006524,0.13801343822636034,-0.5881301497170034,-0.07669649888473706,-0.1891480179719353,-0.27093937640640003,-0.28838074344726156
UNEJ - Teknik Konstruksi Perkapalan,-0.41082309784390136,-0.625979127747597,-0.48743047616222296,-0.33462726516193425,-1.0003825587523238,-0.07669649888473706,-0.1891480179719353,-0.27093937640640003,-0.28838074344726156
UNEJ - Teknik Lingkungan,-0.3535966902941718,-0.11619175778030703,1.4046822925855158,-0.3850792346731774,-0.4644544270064072,-0.07669649888473706,-0.1891480179719353,-0.27093937640640003,-0.28838074344726156
UNEJ - Teknik Perminyakan,-0.322552853365612,-0.625979127747597,-1.1014574564048787,-0.6445465064452852,-1.0003825587523238,-0.07669649888473706,-0.1891480179719353,-0.27093937640640003,-0.28838074344726156
UNEJ - Teknik Pertambangan,-0.35560677016596315,-0.625979127747597,0.06519380605616706,-0.4367324415537359,-1.0003825587523238,-0.07669649888473706,-0.1891480179719353,-0.27093937640640003,-0.28838074344726156
UNEJ - Teknik Sipil (S2),-0.1459342287445163,0.06998890547318484,0.474910618468082,1.139290986987956,1.6792580999772595,-0.07669649888473706,5.214042557969728,-0.27093937640640003,-0.28838074344726156
UNEJ - Teknik Elektro (S2),0.45075226026591664,0.2755576270462177,0.854745670550006,2.296082573638603,1.6792580999772595,-0.07669649888473706,-0.1891480179719353,-0.27093937640640003,-0.28838074344726156
UNEJ - Teknik Mesin (S2),0.42978471836501364,0.07470869078285895,-0.3187042589416984,1.0095573511019016,1.6792580999772595,-0.07669649888473706,-0.1891480179719353,-0.27093937640640003,-0.28838074344726156
UNEJ - Pendidikan Luar Sekolah,-0.3869599362647534,-0.625979127747597,-0.39174460507440917,-0.5106547412039091,-0.17587774068168285,-0.07669649888473706,-0.1891480179719353,-0.27093937640640003,-0.28838074344726156
UNEJ - Pendidikan Guru Anak Usia Dini,-0.40371936981960066,-0.625979127747597,-0.7125737022511967,-0.6409427943373392,-1.0003825587523238,-0.07669649888473706,-0.1891480179719353,-0.27093937640640003,-0.28838074344726156
UNEJ - Pendidikan Bahasa dan Sastra Indonesia,-0.4086481430313368,0.9900086017312377,-0.8195167346434592,-0.5497900763128243,-0.21225295324362287,-0.07669649888473706,-0.1891480179719353,-0.27093937640640003,-0.28838074344726156
UNEJ - Pendidikan Bahasa Inggris,-0.41988090133683137,0.9900086017312377,0.35350417551493113,-0.49255464871603577,-0.5275047954471033,-0.07669649888473706,-0.1891480179719353,-0.27093937640640003,-0.28838074344726156
UNEJ - Pendidikan Biologi,-0.37033668057343133,1.0766335994456144,-0.3198773622724787,-0.0965925969791892,-0.7183151209913151,-0.07669649888473706,-0.1891480179719353,-0.27093937640640003,-0.28838074344726156
UNEJ - Pendidikan IPA,-0.3557894944837095,-0.050352684228861654,-0.015574358268059226,-0.0077190953696952705,-0.6175767503623835,-0.07669649888473706,-0.1891480179719353,-0.27093937640640003,-0.28838074344726156
UNEJ - Pendidikan Fisika,-0.3685090373541951,0.18201473699182033,-0.18136651229900236,-0.06010919576252283,-0.6851307165488435,-0.07669649888473706,-0.1891480179719353,-0.27093937640640003,-0.28838074344726156
UNEJ - Pendidikan Ekonomi,-0.4070724649812325,-0.625979127747597,-0.7287771920076,-0.26729474946083903,-0.7183151209913151,-0.07669649888473706,-0.1891480179719353,-0.27093937640640003,-0.28838074344726156
UNEJ - Pendidikan Matematika,-0.4227746672381499,0.41797292208357606,0.23664748091702684,0.6139969514885415,-1.0003825587523238,-0.07669649888473706,-0.1891480179719353,-0.27093937640640003,-0.1556617359184259
UNEJ - Pendidikan Guru Sekolah Dasar,-0.4155735797878373,-0.625979127747597,-0.8406207920335065,-0.524132815665988,-0.9079811567271657,-0.07669649888473706,-0.1891480179719353,-0.27093937640640003,-0.20442199531474536
UNEJ - Pendidikan Geografi,-0.3359600166954212,0.9900086017312377,0.38792723089504744,-0.06010919576252283,-0.5275047954471033,-0.07669649888473706,-0.1891480179719353,-0.27093937640640003,-0.28838074344726156
UNEJ - Pendidikan Sejarah,-0.380463882577161,-0.625979127747597,-0.4124568919804204,-0.0553395767961238,-0.665427476411126,-0.07669649888473706,-0.1891480179719353,-0.27093937640640003,-0.28838074344726156
UNEJ - Pendidikan Dasar (S2),-0.03150120345484424,0.18201473699182033,3.5032797234603095,0.11583674833130837,1.6792580999772595,-0.07669649888473706,-0.1891480179719353,-0.27093937640640003,-0.28838074344726156
UNEJ - Pendidikan IPS (S2),-0.08823690506905144,-0.625979127747597,-0.7644248694716876,0.944690533158875,1.6792580999772595,-0.07669649888473706,-0.1891480179719353,-0.27093937640640003,-0.28838074344726156
UNEJ - Pendidikan IPA (S2),-0.1459342287445163,-0.625979127747597,-0.11269982616307045,1.3555137134647124,1.6792580999772595,-0.07669649888473706,-0.1891480179719353,-0.27093937640640003,-0.28838074344726156
UNEJ - Pendidikan Matematika (S2),-0.05342181544215181,0.5418339031364962,-0.19465939372394298,2.674472344972927,1.6792580999772595,-0.07669649888473706,-0.1891480179719353,-0.27093937640640003,-0.28838074344726156
UNEJ - Pendidikan Bahasa Inggris (S2),0.08906216247534604,-0.625979127747597,1.2318450685172126,-0.24453446246328572,1.6792580999772595,-0.07669649888473706,-0.1891480179719353,-0.27093937640640003,-0.28838074344726156
UNEJ - Pendidikan Biologi (S2),3.826526506311243,-0.11619175778030703,1.2355843353840752,0.447378262262335,1.6792580999772595,-0.07669649888473706,-0.1891480179719353,-0.27093937640640003,-0.28838074344726156
UNEJ - Agroteknologi,-0.38728289788194875,0.5266769062462705,-0.0944875119901772,0.20265344911364247,-0.634977014380108,-0.07669649888473706,-0.1891480179719353,1.8138906955695457,-0.28838074344726156
UNEJ - Agribisnis,-0.3589657522866308,-0.625979127747597,0.019442776155733896,-0.30940128040631265,-0.6788256797047739,-0.07669649888473706,-0.1891480179719353,1.9744910149514296,0.018709456569530852
UNEJ - Proteksi Tanaman,-0.33222199452026174,0.41797292208357606,1.103093014777143,0.050314710005018685,-0.26957147000789217,-0.07669649888473706,-0.1891480179719353,5.71402908116713,-0.28838074344726156
UNEJ - Ilmu Tanah,-0.38515374351673565,0.39359561218698297,0.02084741303864189,0.09331354765664628,-0.33047239406992807,-0.07669649888473706,-0.1891480179719353,5.558863232267077,-0.28838074344726156
UNEJ - Agronomi,-0.3913364802311043,-0.27799511113720604,-0.4583035553045586,-0.03814004173547271,-0.26957147000789217,-0.07669649888473706,-0.1891480179719353,3.7650778142136994,-0.28838074344726156
UNEJ - Penyuluhan Pertanian,-0.34968905580668674,0.41797292208357606,1.4962860213417164,-0.1855646279696248,-0.02596777375974806,-0.07669649888473706,-0.1891480179719353,5.138155827517445,-0.28838074344726156
UNEJ - Agronomi (S2),0.3999887377689941,-0.05535225463194691,0.6923126528445366,0.8230652495156994,1.6792580999772595,-0.07669649888473706,-0.1891480179719353,-0.27093937640640003,2.5441222856549945
UNEJ - Agribisnis (S2),-0.16373199189440807,-0.313404432944867,0.37262217927225333,0.9230682605111994,1.6792580999772595,-0.07669649888473706,4.952597852682229,-0.27093937640640003,-0.28838074344726156
UNEJ - Pertanian/Perkebunan,-0.36562220391666833,-0.625979127747597,-0.11746371483419868,-0.4985961660734746,-1.0003825587523238,-0.07669649888473706,0.8988664666033487,2.4151471497742123,-0.28838074344726156
UNEJ - Peternakan,-0.3540787711610391,-0.13951834854953668,0.23566339691805502,0.04048640425607512,0.21763592248839575,-0.07669649888473706,-0.1891480179719353,4.993430872228512,1.1515539067987015
UNEJ - Kesehatan Masyarakat,-0.3590515758434008,9.092892212194817,-0.33719285622785106,-0.24453446246328572,-0.7026447077823702,-0.07669649888473706,0.12648390676129057,-0.27093937640640003,-0.28838074344726156
UNEJ - Administrasi Kesehatan (S2),1.4894520282798631,-0.625979127747597,-0.6698913389904267,0.061781066712119255,1.6792580999772595,-0.07669649888473706,-0.1891480179719353,-0.27093937640640003,-0.28838074344726156
UNEJ - Gizi,-0.36536898603075596,-0.625979127747597,-0.7320178899588808,-0.4967943100195016,-1.0003825587523238,-0.07669649888473706,-0.1891480179719353,-0.27093937640640003,-0.28838074344726156
UNEJ - Sistem Informasi,-0.39114785436524246,-0.625979127747597,-0.5004552908946429,-0.4391349162923665,-0.8217398481703516,-0.07669649888473706,-0.1891480179719353,-0.27093937640640003,-0.28838074344726156
UNEJ - Informatika,-0.36827038203079454,0.8235219456404457,0.5135427944615042,0.5602945749779745,-0.5537757822973934,-0.07669649888473706,-0.1891480179719353,-0.27093937640640003,-0.28838074344726156
UNEJ - Teknologi Informasi,-0.3858642458573923,0.5860116693615292,0.35599625938347784,0.08655658745424763,-0.665427476411126,-0.07669649888473706,-0.1891480179719353,-0.27093937640640003,-0.28838074344726156
UNEJ - Kimia,-0.3781208805041411,0.9900086017312377,0.979648178447251,0.050969930388281466,-0.285811716424435,-0.07669649888473706,-0.1891480179719353,-0.27093937640640003,-0.06414092030999961
UNEJ - Matematika,-0.3863669597776684,1.1208270386186239,-0.369440977997948,-0.15186757968753298,-0.6175767503623835,-0.07669649888473706,-0.1891480179719353,-0.27093937640640003,-0.0627306069569351
UNEJ - Fisika,-0.36166934303725223,0.31174495666059343,0.5105708082794717,0.5538263737585842,0.23637466835363763,-0.07669649888473706,-0.1891480179719353,-0.27093937640640003,-0.28838074344726156
UNEJ - Biologi,-0.34567999758727613,1.153106105582694,0.34218176302411957,-0.0028737681657343586,-0.05462703214188266,13.0384048104053,-0.1891480179719353,-0.27093937640640003,0.9375317292849223
UNEJ - Kimia (S2),5.9966670930546675,0.7334538588318433,1.6560818912303201,1.1068575780164422,1.6792580999772595,-0.07669649888473706,-0.1891480179719353,-0.27093937640640003,-0.28838074344726156
UNEJ - Matematika (S2),2.5864461710292863,0.6148959543153059,-0.19525785954860508,2.252838028343252,1.6792580999772595,-0.07669649888473706,-0.1891480179719353,-0.27093937640640003,-0.28838074344726156
UNEJ - Fisika (S2),1.656385919567819,1.2135825135607565,0.8765685523768122,1.5122751901603606,1.6792580999772595,-0.07669649888473706,-0.1891480179719353,-0.27093937640640003,-0.28838074344726156
UNEJ - Biologi (S2),0.42978471836501364,-0.625979127747597,-0.10591504577145294,0.4041337169669837,1.6792580999772595,-0.07669649888473706,-0.1891480179719353,-0.27093937640640003,4.391406869852118
UNEJ - Farmasi,-0.3353869477172415,0.9027481692136333,0.8473804479334588,0.2039274887477648,-0.20641495616578087,-0.07669649888473706,-0.1891480179719353,-0.27093937640640003,-0.28838074344726156
UNEJ - Farmasi (S2),0.7883296848704492,0.451346025238293,0.6269147842781521,0.6203564434437402,1.6792580999772595,-0.07669649888473706,-0.1891480179719353,-0.27093937640640003,5.093375011847026
UNEJ - Ilmu Keperawatan,-0.3166876371501782,-0.625979127747597,0.30931061523293085,-0.31572975044953483,-0.8696683802777101,-0.07669649888473706,-0.1891480179719353,0.47611648706860643,-0.28838074344726156
UNEJ - Ilmu Keperawatan (S2),-0.007388530268806459,0.9492778079101738,-0.04688033142562327,1.5470252712012682,1.6792580999772595,-0.07669649888473706,-0.1891480179719353,-0.27093937640640003,-0.28838074344726156
UNEJ - Sastra Inggris,-0.3315895814270697,-0.625979127747597,-0.082582020522232,-0.5594675640707354,-0.18483974957375496,-0.07669649888473706,-0.1891480179719353,-0.27093937640640003,-0.09196629982338246
UNEJ - Sastra Indonesia,-0.4029026922142515,-0.625979127747597,-1.0597913398884127,-0.560552293467776,-0.17587774068168285,-0.07669649888473706,-0.1891480179719353,-0.27093937640640003,-0.28838074344726156
UNEJ - Sejarah,-0.3832198950406624,-0.625979127747597,-0.7548436755287709,-0.52156983076163,-0.1629948528993291,-0.07669649888473706,-0.1891480179719353,-0.27093937640640003,-0.28838074344726156
UNEJ - Film dan Televisi,-0.39484285420336274,-0.625979127747597,-1.045902634382924,-0.6229242337976095,-0.4261738461674132,-0.07669649888473706,-0.1891480179719353,-0.27093937640640003,-0.28838074344726156
UNEJ - Ilmu Linguistik (S2),0.47267287225322374,-0.625979127747597,-0.46952135590514554,-0.5040017342353934,1.6792580999772595,-0.07669649888473706,-0.1891480179719353,-0.27093937640640003,-0.28838074344726156
UNEJ - Usaha Perjalanan Wisata (D3),-0.4016440833586018,-0.625979127747597,1.8151706997477355,-0.6306464740289223,-1.0003825587523238,-0.07669649888473706,-0.1891480179719353,-0.27093937640640003,-0.28838074344726156
UNEJ - Perpajakan (D3),-0.42140825922907665,-0.625979127747597,-0.9219726467954868,-0.4427386284003125,-1.0003825587523238,-0.07669649888473706,-0.1891480179719353,-0.27093937640640003,-0.28838074344726156
UNEJ - Sosiologi,-0.4146897616466616,0.18201473699182033,-0.6518106156646839,-0.5688685521784205,-0.497949935240527,-0.07669649888473706,-0.1891480179719353,-0.27093937640640003,-0.28838074344726156
UNEJ - Kesejahteraan Sosial,-0.42285872636959804,-0.625979127747597,-0.5711614280134942,-0.6026533531904136,-0.1629948528993291,-0.07669649888473706,-0.1891480179719353,0.023384988653779127,-0.28838074344726156
UNEJ - Hubungan Internasional,-0.4306870849079144,-0.625979127747597,-0.24035771506458292,-0.20399270124889388,0.004482688271269846,-0.07669649888473706,-0.1891480179719353,0.5359881890456704,0.9991206334174005
UNEJ - Administrasi Bisnis/Niaga,-0.4519112825792901,-0.625979127747597,0.7262961881174264,-0.6278383866720814,0.21763592248839575,-0.07669649888473706,-0.1891480179719353,-0.27093937640640003,-0.28838074344726156
UNEJ - Administrasi Negara,-0.42028966209378876,-0.625979127747597,-0.6153527637127763,-0.5553546317736231,-0.1629948528993291,-0.07669649888473706,-0.1891480179719353,0.6369898897011785,-0.28838074344726156
UNEJ - Ilmu Administrasi (S2),-0.22440258894314888,-0.625979127747597,1.3971206640325275,0.18791099049022722,1.6792580999772595,-0.07669649888473706,-0.1891480179719353,-0.27093937640640003,-0.28838074344726156
UNEJ - Teknologi Hasil Pertanian,-0.3150121023630614,0.3840132031766747,0.06913519545637328,-0.16083534253679932,0.036897696239772904,-0.07669649888473706,-0.1891480179719353,2.0540926831827266,0.02959596292167711
UNEJ - Teknik Pertanian,-0.36562220391666833,1.056590462259494,0.8322334866627396,0.10682746806144355,0.33943777061246777,-0.07669649888473706,-0.1891480179719353,2.4151471497742123,0.8136852815276777
UNEJ - Teknologi Industri Pertanian,-0.3646310825530916,-0.625979127747597,-0.33989343785391823,-0.4721373324388189,-0.4362476832303064,-0.07669649888473706,-0.1891480179719353,2.575438027466727,-0.28838074344726156
UNEJ - Teknologi Agroindustri (S2),1.4152591877074383,0.5860116693615292,1.5492099713322862,0.49873115980056465,1.6792580999772595,-0.07669649888473706,-0.1891480179719353,-0.27093937640640003,5.69134787354639
UNEJ - Administrasi Keuangan (D3),-0.39429738717138,-0.625979127747597,-0.7125737022511967,-0.532831431098961,-0.5537757822973934,-0.07669649888473706,-0.1891480179719353,-0.27093937640640003,-0.28838074344726156
UNEJ - Menajemen Perusahaan (D3),-0.40524763783843387,-0.625979127747597,-0.42838942036965993,-0.4427386284003125,-1.0003825587523238,-0.07669649888473706,-0.1891480179719353,-0.27093937640640003,-0.28838074344726156
UNEJ - Kesekretariatan (D3),-0.369078628059377,-0.625979127747597,-0.17499910092110704,-0.3706643862413937,-1.0003825587523238,-0.07669649888473706,-0.1891480179719353,-0.27093937640640003,-0.28838074344726156
UNEJ - Manajemen,-0.43206361399213744,0.9900086017312377,-0.20088455204898364,0.21611395481328236,0.04817248162012174,-0.07669649888473706,1.3760970424890706,-0.27093937640640003,0.15202480117583894
UNEJ - Ekonomi Pembangunan,-0.4153603836456769,0.18201473699182033,-0.09168543567628411,-0.14843547291806058,-0.10716900584246292,-0.07669649888473706,1.0153415688563703,-0.27093937640640003,0.2538616500332712
UNEJ - Akuntansi,-0.4293479708641926,-0.625979127747597,-0.03810344114090468,-0.49489761943637217,-1.0003825587523238,-0.07669649888473706,-0.1891480179719353,-0.27093937640640003,0.26246426733004535
UNEJ - Manajemen (S2),-0.39684473657663294,-0.625979127747597,-0.47276205385642617,0.1338553088710381,1.6792580999772595,-0.07669649888473706,0.8842130728716947,-0.27093937640640003,-0.28838074344726156
UNEJ - Ilmu Ekonomi (S2),-0.022402081497848832,-0.625979127747597,-0.6477597432255832,-0.2985901440824748,1.6792580999772595,-0.07669649888473706,-0.1891480179719353,-0.27093937640640003,-0.28838074344726156
UNEJ - Akuntansi (S2),-0.11918365140407351,-0.625979127747597,-0.5059792078570532,-0.38868294678112336,1.6792580999772595,-0.07669649888473706,-0.1891480179719353,-0.27093937640640003,-0.28838074344726156
UNEJ - Akuntansi (D3),-0.4139780884747582,-0.625979127747597,0.06519380605616706,-0.4067015073208531,-1.0003825587523238,-0.07669649888473706,1.0322628785052987,-0.27093937640640003,0.12401433358678336
UNEJ - Ekonomi Syariah,-0.3802075541452409,0.18201473699182033,0.8429613143635308,-0.574874739024997,-0.851513633267347,-0.07669649888473706,-0.1891480179719353,-0.27093937640640003,0.4475858555673419
UNEJ - Ilmu Kesehatan Masyarakat (S2),-0.3518038771201261,-0.625979127747597,-0.4509609949114472,0.512245080205362,1.6792580999772595,-0.07669649888473706,-0.1891480179719353,-0.27093937640640003,-0.28838074344726156
UNEJ - Bioteknologi (S2),0.0287804795102509,0.06998890547318484,3.6243255560279084,1.8095814390659009,1.6792580999772595,-0.07669649888473706,-0.1891480179719353,-0.27093937640640003,-0.28838074344726156
UNEJ - Pengelolaan Sumber Daya Air Pertanian (S2),3.826526506311243,0.6243196514633232,-0.3919151681244765,0.3500780353477946,1.6792580999772595,-0.07669649888473706,-0.1891480179719353,-0.27093937640640003,-0.28838074344726156
UNEJ - Bioteknologi (S3),1.2946958217772484,1.2980160745651044,4.9488865740825245,4.7069659738544365,1.6792580999772595,-0.07669649888473706,-0.1891480179719353,-0.27093937640640003,-0.28838074344726156
UNEJ - Ilmu Administrasi (S3),-0.04026944824976752,-0.625979127747597,-0.2489046107602682,-0.20849734138382633,1.6792580999772595,-0.07669649888473706,-0.1891480179719353,-0.27093937640640003,-0.28838074344726156
UNEJ - Ilmu Ekonomi (S3),0.29000110569232934,-0.625979127747597,-0.7236846666555876,0.8365791699204966,1.6792580999772595,-0.07669649888473706,-0.1891480179719353,-0.27093937640640003,-0.28838074344726156
UNEJ - Ilmu Hukum (S3),-0.34893386311914254,-0.625979127747597,-0.9953982507266018,-0.4787757494797719,1.6792580999772595,-0.07669649888473706,-0.1891480179719353,-0.27093937640640003,-0.28838074344726156
UNEJ - Ilmu Manajemen (S3),-0.29491696094937786,-0.625979127747597,-0.5952380867737926,0.36809659588752425,1.6792580999772595,-0.07669649888473706,2.489744788587377,-0.27093937640640003,-0.28838074344726156
UNEJ - Ilmu Pertanian (S3),0.16140018203345993,0.06998890547318484,-0.03569584714408063,0.9601350136215003,1.6792580999772595,-0.07669649888473706,-0.1891480179719353,-0.27093937640640003,-0.28838074344726156
UNEJ - Kesehatan Masyarakat (S3),0.9330057239866775,-0.625979127747597,-0.8097946407896172,-0.4607571889400422,1.6792580999772595,-0.07669649888473706,-0.1891480179719353,-0.27093937640640003,-0.28838074344726156
UNEJ - Pendidikan Ilmu Pengetahuan Alam (S3),0.1644142661817149,-0.625979127747597,-0.24993613265457512,1.8312037117135764,1.6792580999772595,-0.07669649888473706,-0.1891480179719353,-0.27093937640640003,-0.28838074344726156
UNEJ - Pendidikan Matematika (S3),0.6918789921262971,1.1100981289253036,-0.14796895196461485,9.204398684570972,1.6792580999772595,-0.07669649888473706,-0.1891480179719353,-0.27093937640640003,-0.28838074344726156
UNEJ - Dokter (Profesi),0.4389899806629712,1.413170352121563,-0.06443411199506029,0.04376250617238961,-0.4049068568124165,-0.07669649888473706,-0.1891480179719353,-0.27093937640640003,-0.28838074344726156
UNEJ - Dokter Gigi (Profesi),3.4091917780913543,-0.625979127747597,-0.2526438776271307,-0.19852962704269922,-0.9433689277155243,-0.07669649888473706,-0.1891480179719353,-0.27093937640640003,-0.28838074344726156
UNEJ - Ners (Profesi),3.826526506311243,-0.625979127747597,-0.06958976782664315,-0.11734462335931128,-1.0003825587523238,-0.07669649888473706,-0.1891480179719353,-0.27093937640640003,-0.28838074344726156
UNEJ - Pendidikan Profesi Guru (Profesi),3.826526506311243,-0.625979127747597,-0.1681364464360421,-0.13642309922490747,0.07147370473950942,-0.07669649888473706,-0.1891480179719353,-0.27093937640640003,-0.28838074344726156
UNEJ - Profesi Apoteker (Profesi),3.826526506311243,-0.625979127747597,-0.032027132482253404,-0.352645825701664,-1.0003825587523238,-0.07669649888473706,-0.1891480179719353,-0.27093937640640003,-0.28838074344726156
UNEJ - Profesi Insinyur (Profesi),3.826526506311243,0.9900086017312377,-0.25664102496756963,-0.15444165976463722,-0.10716900584246292,-0.07669649888473706,-0.1891480179719353,-0.27093937640640003,-0.28838074344726156
UNMUH - P. Bahasa dan Sastra Indonesia,-0.34893386311914254,-0.625979127747597,-1.1014574564048787,-0.6529551680304924,0.48830669609744465,-0.07669649888473706,2.5010481337627324,-0.27093937640640003,-0.28838074344726156
UNMUH - P. Matematika,-0.07972654982692028,-0.625979127747597,0.41518918479448075,-0.5868871127181502,0.33943777061246777,-0.07669649888473706,-0.1891480179719353,-0.27093937640640003,-0.28838074344726156
UNMUH - P. Biologi,-0.3217068276407891,-0.625979127747597,-0.06443411199506029,-0.5472462795307448,0.6074018364854261,-0.07669649888473706,-0.1891480179719353,-0.27093937640640003,-0.28838074344726156
UNMUH - P. Bahasa Inggris,-0.2424870938326771,-0.625979127747597,-0.7773876612768102,-0.5796796885022582,-0.1964903611334489,-0.07669649888473706,9.772984606420508,-0.27093937640640003,-0.28838074344726156
UNMUH - P. Guru Anak Umur Dini,-0.43092487378845173,-0.625979127747597,-0.46952135590514554,-0.5040017342353934,-0.4644544270064072,-0.07669649888473706,-0.1891480179719353,-0.27093937640640003,-0.28838074344726156
UNMUH - P. Guru Sekolah Dasar,-0.19461634559569016,-0.625979127747597,-0.7125737022511967,-0.655357642769123,-0.4644544270064072,-0.07669649888473706,-0.1891480179719353,-0.27093937640640003,-0.28838074344726156
UNMUH - P. Olahraga/Jasmani,-0.4453268108368488,1.2593398899777102,0.31519050515496255,-0.5688685521784205,0.5308406748074379,-0.07669649888473706,-0.1891480179719353,-0.27093937640640003,-0.28838074344726156
UNMUH - T. Elektro,-0.3214637291097322,0.18201473699182033,0.7092825238732027,-0.1827565406127839,-0.234770941972443,-0.07669649888473706,-0.1891480179719353,-0.27093937640640003,-0.28838074344726156
UNMUH - T. Informatika,-0.4107490729828216,0.5418339031364962,0.08371208006348518,-0.47058549468898564,-0.7567788625041799,-0.07669649888473706,-0.1891480179719353,-0.27093937640640003,-0.28838074344726156
UNMUH - Sistem Informasi,-0.39708044208187276,-0.625979127747597,-0.24035771506458292,-0.3742680983493396,-1.0003825587523238,-0.07669649888473706,-0.1891480179719353,-0.27093937640640003,-0.28838074344726156
UNMUH - T. Sipil,-0.4236210325824282,-0.625979127747597,0.7019909534828213,-0.34432956699101946,-0.38200394519934305,-0.07669649888473706,-0.1891480179719353,-0.27093937640640003,-0.28838074344726156
UNMUH - T. Mesin,-0.428928325022768,-0.625979127747597,-0.4070221811304465,-0.5508499916386906,-0.5537757822973934,-0.07669649888473706,-0.1891480179719353,-0.27093937640640003,-0.28838074344726156
UNMUH - T. Lingkungan,-0.11187678074163808,-0.625979127747597,-0.5991492739563729,-0.4175126436446909,0.07147370473950942,-0.07669649888473706,-0.1891480179719353,-0.27093937640640003,-0.28838074344726156
UNMUH - T. Industri,-0.25463340308683824,-0.625979127747597,-0.9556260485972479,-0.5688685521784205,-0.33047239406992807,-0.07669649888473706,-0.1891480179719353,-0.27093937640640003,-0.28838074344726156
UNMUH - T. Kimia,-0.18985308706464668,-0.625979127747597,-0.32368994809751483,-0.5472462795307448,-1.0003825587523238,-0.07669649888473706,-0.1891480179719353,-0.27093937640640003,-0.28838074344726156
UNMUH - Keperawatan (D3),-0.2982797153003719,-0.625979127747597,-0.4816739732224481,-0.4298682280147913,-0.6175767503623835,-0.07669649888473706,-0.1891480179719353,-0.27093937640640003,-0.28838074344726156
UNMUH - Ilmu Keperawatan,-0.43397008678062665,-0.625979127747597,-0.7275307697186459,-0.5832834006102042,-0.6430971375883794,-0.07669649888473706,-0.1891480179719353,-0.27093937640640003,-0.28838074344726156
UNMUH - Ilmu Komunikasi,-0.3578164214215868,-0.625979127747597,-1.1014574564048787,-0.6679706351469339,-0.5537757822973934,-0.07669649888473706,-0.1891480179719353,-0.27093937640640003,-0.28838074344726156
UNMUH - Ilmu Pemerintahan,-0.27856701738075124,-0.625979127747597,-0.3685611504998627,-0.5492119406805334,0.21763592248839575,-0.07669649888473706,-0.1891480179719353,-0.27093937640640003,-0.28838074344726156
UNMUH - Akuntansi,-0.3281505380462335,-0.625979127747597,-0.06941980115087652,-0.5688685521784205,0.030248463835977523,-0.07669649888473706,-0.1891480179719353,-0.27093937640640003,-0.28838074344726156
UNMUH - Manajemen,-0.41652614626416173,-0.625979127747597,-0.5375760128820398,-0.590490824826096,-0.14289754795885723,-0.07669649888473706,-0.1891480179719353,-0.27093937640640003,-0.28838074344726156
UNMUH - Manajemen (S2),-0.40003550979167024,-0.625979127747597,-0.6523893117274127,0.079799627251849,1.6792580999772595,-0.07669649888473706,-0.1891480179719353,-0.27093937640640003,-0.28838074344726156
UNMUH - Agroteknologi,-0.13078868127970703,-0.625979127747597,-0.05363178549079121,-0.5148128705592313,-0.33047239406992807,-0.07669649888473706,-0.1891480179719353,-0.27093937640640003,-0.28838074344726156
UNMUH - Agribisnis,-0.2985341131184062,0.765956938693967,-0.9502248853451134,-0.595896392988015,-0.5537757822973934,-0.07669649888473706,-0.1891480179719353,-0.27093937640640003,-0.28838074344726156
UNMUH - Teknologi Industri Pertanian,-0.0868417648654234,-0.33816590598822943,-0.8023161070558925,-0.4427386284003125,-0.5537757822973934,-0.07669649888473706,-0.1891480179719353,-0.27093937640640003,-0.28838074344726156
UNMUH - Pendidikan Agama Islam,-0.40524763783843387,-0.625979127747597,0.16241474459458755,-0.6409427943373392,0.786044547067398,-0.07669649888473706,-0.1891480179719353,-0.27093937640640003,-0.28838074344726156
UNMUH - Ekonomi Syariah,-0.3649450269417707,-0.625979127747597,-1.1014574564048787,-0.6769799154167987,-1.0003825587523238,-0.07669649888473706,-0.1891480179719353,-0.27093937640640003,-0.28838074344726156
UNMUH - Ilmu Psikologi,-0.42194102696722974,-0.625979127747597,-0.7773876612768102,-0.6180100809231378,-0.513175166256036,-0.07669649888473706,-0.1891480179719353,-0.27093937640640003,-0.28838074344726156
UNMUH - Ilmu Hukum,-0.4269490437058681,-0.625979127747597,-0.12924807102067387,-0.669257675185486,-0.234770941972443,-0.07669649888473706,-0.1891480179719353,-0.27093937640640003,-0.28838074344726156
POLIJE - Produksi Tanaman Hortikultura (D3),-0.15206456938503457,-0.625979127747597,-0.46021296817274354,-0.16885650819642092,-0.7324184928793656,-0.07669649888473706,-0.1891480179719353,-0.27093937640640003,-0.28838074344726156
POLIJE - Produksi Tanaman Perkebunan (D3),-0.24004324182057893,-0.625979127747597,-0.3613238597898066,0.28057787326598005,-1.0003825587523238,-0.07669649888473706,-0.1891480179719353,-0.27093937640640003,-0.28838074344726156
POLIJE - Teknik Produksi Benih (D4),-0.32736222414242766,0.41797292208357606,0.17321707109885645,-0.25997894292591117,-0.4261738461674132,-0.07669649888473706,-0.1891480179719353,-0.27093937640640003,-0.28838074344726156
POLIJE - Teknologi Produksi Tanaman Pangan (D4),-0.3673034619352516,1.3940055341009463,-0.6698913389904267,-0.27401937971011614,-1.0003825587523238,-0.07669649888473706,-0.1891480179719353,-0.27093937640640003,-0.28838074344726156
POLIJE - Budidaya Tanaman Perkebunan (D4),-0.40118253299294926,-0.625979127747597,-0.6503523015866076,-0.37667057308797025,-1.0003825587523238,-0.07669649888473706,-0.1891480179719353,-0.27093937640640003,-0.28838074344726156
POLIJE - Pengelolaan Perkebunan Kopi (D4),-0.24004324182057893,-0.625979127747597,-0.3524961521088986,-0.25997894292591117,-1.0003825587523238,-0.07669649888473706,-0.1891480179719353,-0.27093937640640003,-0.28838074344726156
POLIJE - Keteknikan Pertanian (D3),-0.32586370728439995,0.30827129695967753,-0.571603341370487,0.18791099049022722,-1.0003825587523238,-0.07669649888473706,-0.1891480179719353,-0.27093937640640003,3.4392422905228073
POLIJE - Teknologi Industri Pangan (D3),-0.2853188159394553,0.9900086017312377,0.12426475605419467,-0.019995477275884792,-0.7942563542346636,-0.07669649888473706,-0.1891480179719353,-0.27093937640640003,-0.28838074344726156
POLIJE - Teknologi Rekayasa Pangan (D4),-0.34057636598909746,1.8746861038195932,0.31519050515496255,0.17439707008542996,-0.1629948528993291,-0.07669649888473706,-0.1891480179719353,-0.27093937640640003,-0.28838074344726156
POLIJE - Produksi Ternak (D3),-0.3015631431384707,1.0717745753461074,-0.12924807102067387,0.3746487997201534,0.21763592248839575,-0.07669649888473706,-0.1891480179719353,-0.27093937640640003,4.495402150147661
POLIJE - Manajemen Bisnis Unggas (D4),-0.36827038203079454,0.9033829821542733,-0.12040980388081739,0.11583674833130837,-0.33047239406992807,-0.07669649888473706,-0.1891480179719353,-0.27093937640640003,-0.28838074344726156
POLIJE - Teknologi Pakan Ternak (D4),-0.2865148151605872,1.4024785705384861,0.3737082510180881,0.1338553088710381,-0.4644544270064072,-0.07669649888473706,-0.1891480179719353,-0.27093937640640003,-0.28838074344726156
POLIJE - Manajemen Agribisnis (D3),-0.2961004490361468,-0.625979127747597,-0.06443411199506029,-0.42895972916404856,-1.0003825587523238,-0.07669649888473706,-0.1891480179719353,-0.27093937640640003,-0.28838074344726156
POLIJE - Manajemen Agroindustri (D4),-0.4065093474818898,-0.625979127747597,1.9407245975173528,0.4359311767429774,-1.0003825587523238,-0.07669649888473706,-0.1891480179719353,-0.27093937640640003,-0.1319343552119625
POLIJE - Agribisnis (S2),-0.012952993311738416,0.5860116693615292,-0.2657710910959026,0.1698924299504975,1.6792580999772595,-0.07669649888473706,-0.1891480179719353,-0.27093937640640003,-0.28838074344726156
POLIJE - Manajemen Informatika (D3),-0.3636917542624964,0.31174495666059343,0.8749580789457956,-0.019995477275884792,-0.7942563542346636,-0.07669649888473706,-0.1891480179719353,-0.27093937640640003,2.574255296602891
POLIJE - Teknik Komputer (D3),-0.38515374351673565,-0.11619175778030703,-0.06652488486685428,-0.11840453868517774,-0.7770791705248586,-0.07669649888473706,-0.1891480179719353,-0.27093937640640003,5.026933582769318
POLIJE - Teknik Informatika (D4),-0.4187485124564233,0.5860116693615292,0.4088585190291882,-0.18763374496940244,-0.7183151209913151,-0.07669649888473706,-0.1891480179719353,-0.27093937640640003,1.1996623225327259
POLIJE - Teknologi Rekayasa Komputer (D4),-0.10429417911080827,-0.625979127747597,0.11920543857751176,-0.287779007758637,-1.0003825587523238,-0.07669649888473706,-0.1891480179719353,-0.27093937640640003,-0.28838074344726156
POLIJE - Bahasa Inggris (D3),-0.0712988193929654,0.9900086017312377,-0.545909236185333,-0.6409427943373392,-0.8727806226223438,-0.07669649888473706,-0.1891480179719353,-0.27093937640640003,-0.28838074344726156
POLIJE - Destinasi Pariwisata (D4),-0.3964497705948796,-0.625979127747597,-1.1014574564048787,-0.6649675417236456,-1.0003825587523238,-0.07669649888473706,-0.1891480179719353,-0.27093937640640003,-0.28838074344726156
POLIJE - Produksi Media (D4),0.15398089797621747,-0.625979127747597,-1.1014574564048787,-0.658961354877069,-1.0003825587523238,-0.07669649888473706,-0.1891480179719353,-0.27093937640640003,-0.28838074344726156
POLIJE - Manajemen Informasi Kesehatan (D4),-0.402853173776406,-0.625979127747597,-0.4332844606317342,-0.4067015073208531,-1.0003825587523238,-0.07669649888473706,-0.1891480179719353,-0.27093937640640003,-0.28838074344726156
POLIJE - Gizi Klinik (D4),-0.31309098278494635,2.6059963312100725,-0.4070221811304465,-0.4247200678605828,-1.0003825587523238,-0.07669649888473706,-0.1891480179719353,-0.27093937640640003,-0.28838074344726156
POLIJE - Promosi Kesehatan (D4),-0.36536898603075596,-0.625979127747597,-0.7203513773342703,-0.4517479086701774,-0.5537757822973934,-0.07669649888473706,-0.1891480179719353,-0.27093937640640003,-0.28838074344726156
POLIJE - Teknik Energi terbarukan (D4),-0.3519459392166659,0.7838363106335547,-0.0896045815195703,-0.021952244031330545,-0.6851307165488435,-0.07669649888473706,-0.1891480179719353,-0.27093937640640003,2.3080803665631398
POLIJE - Mesin Otomotif (D4),-0.40649895448647394,0.2755576270462177,4.556053313157821,-0.3021938561904208,-0.4644544270064072,-0.07669649888473706,-0.1891480179719353,-0.27093937640640003,-0.28838074344726156
POLIJE - Teknologi Rekayasa Mekatronika (D4),-0.3860993385436392,0.9368943462660535,0.3609074941105293,-0.20522123946751183,-0.7567788625041799,-0.07669649888473706,-0.1891480179719353,-0.27093937640640003,-0.28838074344726156
POLIJE - Akuntansi Sektor Publik (D4),-0.3992857131495787,-0.625979127747597,-0.8514607573060831,-0.6139149535277447,-1.0003825587523238,-0.07669649888473706,-0.1891480179719353,-0.27093937640640003,-0.0518200509068534
POLIJE - Manajemen Pemasaran Internasional (D4),-0.4089169576710922,-0.625979127747597,-0.9070155793280377,-0.5580574158545826,-0.1964903611334489,-0.07669649888473706,-0.1891480179719353,-0.27093937640640003,-0.28838074344726156
